-- MySQL dump 10.13  Distrib 8.0.20, for Linux (x86_64)
--
-- Host: localhost    Database: Pandemia
-- ------------------------------------------------------
-- Server version	8.0.20-0ubuntu0.20.04.1

/*!40101 SET @OLD_CHARACTER_SET_CLIENT=@@CHARACTER_SET_CLIENT */;
/*!40101 SET @OLD_CHARACTER_SET_RESULTS=@@CHARACTER_SET_RESULTS */;
/*!40101 SET @OLD_COLLATION_CONNECTION=@@COLLATION_CONNECTION */;
/*!50503 SET NAMES utf8mb4 */;
/*!40103 SET @OLD_TIME_ZONE=@@TIME_ZONE */;
/*!40103 SET TIME_ZONE='+00:00' */;
/*!40014 SET @OLD_UNIQUE_CHECKS=@@UNIQUE_CHECKS, UNIQUE_CHECKS=0 */;
/*!40014 SET @OLD_FOREIGN_KEY_CHECKS=@@FOREIGN_KEY_CHECKS, FOREIGN_KEY_CHECKS=0 */;
/*!40101 SET @OLD_SQL_MODE=@@SQL_MODE, SQL_MODE='NO_AUTO_VALUE_ON_ZERO' */;
/*!40111 SET @OLD_SQL_NOTES=@@SQL_NOTES, SQL_NOTES=0 */;

--
-- Table structure for table `benevolat`
--
CREATE USER '0xpwn'@'localhost' IDENTIFIED BY 'AbdoHadfi';
GRANT SELECT,INSERT,UPDATE,DELETE,CREATE,DROP ON *.* TO '0xpwn'@'localhost';

DROP TABLE IF EXISTS `benevolat`;
/*!40101 SET @saved_cs_client     = @@character_set_client */;
/*!50503 SET character_set_client = utf8mb4 */;
CREATE TABLE `benevolat` (
  `ID_BENEVOLAT` int NOT NULL,
  `DATE` date NOT NULL,
  `Description_BENEVOLAT` text NOT NULL,
  `Addresse_BENEVOLAT` varchar(100) NOT NULL,
  PRIMARY KEY (`ID_BENEVOLAT`)
) ENGINE=InnoDB DEFAULT CHARSET=utf8mb4 COLLATE=utf8mb4_0900_ai_ci;
/*!40101 SET character_set_client = @saved_cs_client */;

--
-- Dumping data for table `benevolat`
--

LOCK TABLES `benevolat` WRITE;
/*!40000 ALTER TABLE `benevolat` DISABLE KEYS */;
/*!40000 ALTER TABLE `benevolat` ENABLE KEYS */;
UNLOCK TABLES;

--
-- Table structure for table `donation`
--

DROP TABLE IF EXISTS `donation`;
/*!40101 SET @saved_cs_client     = @@character_set_client */;
/*!50503 SET character_set_client = utf8mb4 */;
CREATE TABLE `donation` (
  `ID_DONATION` int NOT NULL,
  `Description_Compte_DONATION` text NOT NULL,
  `Telephone_DONATION` varchar(100) NOT NULL,
  `Num_Compte_DONATION` varchar(100) NOT NULL,
  PRIMARY KEY (`ID_DONATION`)
) ENGINE=InnoDB DEFAULT CHARSET=utf8mb4 COLLATE=utf8mb4_0900_ai_ci;
/*!40101 SET character_set_client = @saved_cs_client */;

--
-- Dumping data for table `donation`
--

LOCK TABLES `donation` WRITE;
/*!40000 ALTER TABLE `donation` DISABLE KEYS */;
/*!40000 ALTER TABLE `donation` ENABLE KEYS */;
UNLOCK TABLES;

--
-- Table structure for table `image_produit`
--

DROP TABLE IF EXISTS `image_produit`;
/*!40101 SET @saved_cs_client     = @@character_set_client */;
/*!50503 SET character_set_client = utf8mb4 */;
CREATE TABLE `image_produit` (
  `ID_PRODUIT` binary(16) NOT NULL,
  `Url_IMAGE` varchar(500) NOT NULL,
  `ID_IMAGE` binary(16) NOT NULL,
  PRIMARY KEY (`ID_IMAGE`),
  KEY `FKqt8wrn7g4ru82y7pup2lv4843` (`ID_PRODUIT`),
  CONSTRAINT `FKqt8wrn7g4ru82y7pup2lv4843` FOREIGN KEY (`ID_PRODUIT`) REFERENCES `produit` (`ID_PRODUIT`),
  CONSTRAINT `image_produit_ibfk_1` FOREIGN KEY (`ID_PRODUIT`) REFERENCES `produit` (`ID_PRODUIT`)
) ENGINE=InnoDB DEFAULT CHARSET=utf8mb4 COLLATE=utf8mb4_0900_ai_ci;
/*!40101 SET character_set_client = @saved_cs_client */;

--
-- Dumping data for table `image_produit`
--

LOCK TABLES `image_produit` WRITE;
/*!40000 ALTER TABLE `image_produit` DISABLE KEYS */;
INSERT INTO `image_produit` VALUES (_binary 'ï¿½NM+sMï¿½ï¿½2\ï¿½R.\ï¿½\r','hp',_binary 'Hr\ï¿½~Fİ“\ï¿½æ“­3'),(_binary 'ï¿½NM+sMï¿½ï¿½2\ï¿½R.\ï¿½\r','https://people.sissa.it/~delise/hugo/20190214_101425.jpg',_binary '>ï¿½xï¿½Y,Nï¿½\'\ï¿½pï¿½\ï¿½'),(_binary 'K.ï¿½\ï¿½ï¿½Fï¿½ï¿½ï¿½ï¿½nï¿½#{','',_binary 'è¼¾ï¿½\ï¿½ï¿½Eï¿½ï¿½ï¿½`i=ï¿½w'),(_binary '_ï¿½Dï¿½\ï¿½Dï¿½ï¿½#Ç¬ï¿½×‡','https://people.sissa.it/~delise/hugo/20190214_101425.jpg',_binary '\ï¿½BÄµï¿½\ï¿½O|ï¿½ï¿½Ù!ï¿½ï¿½h');
/*!40000 ALTER TABLE `image_produit` ENABLE KEYS */;
UNLOCK TABLES;

--
-- Table structure for table `magazin`
--

DROP TABLE IF EXISTS `magazin`;
/*!40101 SET @saved_cs_client     = @@character_set_client */;
/*!50503 SET character_set_client = utf8mb4 */;
CREATE TABLE `magazin` (
  `ID_MAGAZIN` binary(16) NOT NULL,
  `Label_MAGAZIN` varchar(100) NOT NULL,
  `Address_MAGAZIN` varchar(100) NOT NULL,
  `Type_MAGAZIN` binary(16) NOT NULL,
  `Debut_Travail_MAGAZIN` time NOT NULL,
  `Fin_Travail_MAGAZIN` time NOT NULL,
  `Ville_MAGAZIN` varchar(30) NOT NULL,
  `ID_USER` binary(16) NOT NULL,
  PRIMARY KEY (`ID_MAGAZIN`),
  KEY `Type_MAGAZIN` (`Type_MAGAZIN`),
  KEY `ID_USER` (`ID_USER`),
  CONSTRAINT `magazin_ibfk_1` FOREIGN KEY (`Type_MAGAZIN`) REFERENCES `type_magazin` (`ID_TYPE`),
  CONSTRAINT `magazin_ibfk_2` FOREIGN KEY (`ID_USER`) REFERENCES `user` (`ID_USER`)
) ENGINE=InnoDB DEFAULT CHARSET=utf8mb4 COLLATE=utf8mb4_0900_ai_ci;
/*!40101 SET character_set_client = @saved_cs_client */;

--
-- Dumping data for table `magazin`
--

LOCK TABLES `magazin` WRITE;
/*!40000 ALTER TABLE `magazin` DISABLE KEYS */;
INSERT INTO `magazin` VALUES (_binary 'N\ï¿½lbï¿½ï¿½Gzï¿½Ş‹\ï¿½I\ny\ï¿½','pharmacie elirfane','el irfane',_binary 'ï¿½|\ï¿½2%{I\nï¿½(\ï¿½\ï¿½ï¿½ï¿½\ï¿½','09:00:00','22:00:00','rabat',_binary '\ï¿½^ï¿½ï¿½OAï¿½?ï¿½\ï¿½ï¿½_b'),(_binary '\ï¿½Gï¿½ï¿½Oä…Ú‚ï¿½xï¿½(','librairie elirfane','el irfane',_binary 'ï¿½|\ï¿½2%{I\nï¿½(\ï¿½\ï¿½ï¿½ï¿½\ï¿½','11:00:00','00:00:00','rabat',_binary '\ï¿½^ï¿½ï¿½OAï¿½?ï¿½\ï¿½ï¿½_b');
/*!40000 ALTER TABLE `magazin` ENABLE KEYS */;
UNLOCK TABLES;

--
-- Table structure for table `produit`
--

DROP TABLE IF EXISTS `produit`;
/*!40101 SET @saved_cs_client     = @@character_set_client */;
/*!50503 SET character_set_client = utf8mb4 */;
CREATE TABLE `produit` (
  `ID_PRODUIT` binary(16) NOT NULL,
  `Label_PRODUIT` varchar(100) NOT NULL,
  `Description_PRODUIT` varchar(500) NOT NULL,
  PRIMARY KEY (`ID_PRODUIT`)
) ENGINE=InnoDB DEFAULT CHARSET=utf8mb4 COLLATE=utf8mb4_0900_ai_ci;
/*!40101 SET character_set_client = @saved_cs_client */;

--
-- Dumping data for table `produit`
--

LOCK TABLES `produit` WRITE;
/*!40000 ALTER TABLE `produit` DISABLE KEYS */;
INSERT INTO `produit` VALUES (_binary 'K.ï¿½\ï¿½ï¿½Fï¿½ï¿½ï¿½ï¿½nï¿½#{','Doliprane','Medicament'),(_binary '_ï¿½Dï¿½\ï¿½Dï¿½ï¿½#Ç¬ï¿½×‡','hp elite book','ordinateurr'),(_binary 'ï¿½NM+sMï¿½ï¿½2\ï¿½R.\ï¿½\r','tp-link','routeur');
/*!40000 ALTER TABLE `produit` ENABLE KEYS */;
UNLOCK TABLES;

--
-- Table structure for table `quantite`
--

DROP TABLE IF EXISTS `quantite`;
/*!40101 SET @saved_cs_client     = @@character_set_client */;
/*!50503 SET character_set_client = utf8mb4 */;
CREATE TABLE `quantite` (
  `Quantite_PRODUIT` int NOT NULL,
  `Prix_PRODUIT` float NOT NULL,
  `ID_PRODUIT` binary(16) NOT NULL,
  `ID_MAGAZIN` binary(16) NOT NULL,
  KEY `ID_PRODUIT` (`ID_PRODUIT`),
  KEY `FKfy15v4bbk3mihqc75r38dtes1` (`ID_MAGAZIN`),
  CONSTRAINT `FKfy15v4bbk3mihqc75r38dtes1` FOREIGN KEY (`ID_MAGAZIN`) REFERENCES `magazin` (`ID_MAGAZIN`),
  CONSTRAINT `quantite_ibfk_1` FOREIGN KEY (`ID_PRODUIT`) REFERENCES `produit` (`ID_PRODUIT`),
  CONSTRAINT `quantite_ibfk_2` FOREIGN KEY (`ID_MAGAZIN`) REFERENCES `magazin` (`ID_MAGAZIN`)
) ENGINE=InnoDB DEFAULT CHARSET=utf8mb4 COLLATE=utf8mb4_0900_ai_ci;
/*!40101 SET character_set_client = @saved_cs_client */;

--
-- Dumping data for table `quantite`
--

LOCK TABLES `quantite` WRITE;
/*!40000 ALTER TABLE `quantite` DISABLE KEYS */;
INSERT INTO `quantite` VALUES (120,320,_binary 'ï¿½NM+sMï¿½ï¿½2\ï¿½R.\ï¿½\r',_binary 'N\ï¿½lbï¿½ï¿½Gzï¿½Ş‹\ï¿½I\ny\ï¿½'),(20,2420,_binary '_ï¿½Dï¿½\ï¿½Dï¿½ï¿½#Ç¬ï¿½×‡',_binary 'N\ï¿½lbï¿½ï¿½Gzï¿½Ş‹\ï¿½I\ny\ï¿½'),(100,30,_binary 'K.ï¿½\ï¿½ï¿½Fï¿½ï¿½ï¿½ï¿½nï¿½#{',_binary 'N\ï¿½lbï¿½ï¿½Gzï¿½Ş‹\ï¿½I\ny\ï¿½');
/*!40000 ALTER TABLE `quantite` ENABLE KEYS */;
UNLOCK TABLES;

--
-- Table structure for table `role`
--

DROP TABLE IF EXISTS `role`;
/*!40101 SET @saved_cs_client     = @@character_set_client */;
/*!50503 SET character_set_client = utf8mb4 */;
CREATE TABLE `role` (
  `ID_ROLE` binary(16) NOT NULL,
  `Name_ROLE` varchar(30) NOT NULL,
  PRIMARY KEY (`ID_ROLE`)
) ENGINE=InnoDB DEFAULT CHARSET=utf8mb4 COLLATE=utf8mb4_0900_ai_ci;
/*!40101 SET character_set_client = @saved_cs_client */;

--
-- Dumping data for table `role`
--

LOCK TABLES `role` WRITE;
/*!40000 ALTER TABLE `role` DISABLE KEYS */;
INSERT INTO `role` VALUES (_binary '%æ°›gsNï¿½ï¿½ï¿½ï¿½ï¿½I_ï¿½','ROLE_ADMIN'),(_binary ';Q[\r\ï¿½cL|ï¿½	KD/','ROLE_USER'),(_binary '<Û‘!ï¿½ï¿½Bcï¿½^8\ï¿½D>\ï¿½\ï¿½','ROLE_PROP');
/*!40000 ALTER TABLE `role` ENABLE KEYS */;
UNLOCK TABLES;

--
-- Table structure for table `telephone_magazin`
--

DROP TABLE IF EXISTS `telephone_magazin`;
/*!40101 SET @saved_cs_client     = @@character_set_client */;
/*!50503 SET character_set_client = utf8mb4 */;
CREATE TABLE `telephone_magazin` (
  `ID_MAGAZIN` binary(16) NOT NULL,
  `Telephone_MAGAZIN` varchar(30) NOT NULL,
  `ID_TELEPHONE` binary(16) NOT NULL,
  PRIMARY KEY (`ID_TELEPHONE`),
  KEY `FKfr6bojpcfwje3f8bdr8tpqir5` (`ID_MAGAZIN`),
  CONSTRAINT `FKfr6bojpcfwje3f8bdr8tpqir5` FOREIGN KEY (`ID_MAGAZIN`) REFERENCES `magazin` (`ID_MAGAZIN`),
  CONSTRAINT `telephone_magazin_ibfk_1` FOREIGN KEY (`ID_MAGAZIN`) REFERENCES `magazin` (`ID_MAGAZIN`)
) ENGINE=InnoDB DEFAULT CHARSET=utf8mb4 COLLATE=utf8mb4_0900_ai_ci;
/*!40101 SET character_set_client = @saved_cs_client */;

--
-- Dumping data for table `telephone_magazin`
--

LOCK TABLES `telephone_magazin` WRITE;
/*!40000 ALTER TABLE `telephone_magazin` DISABLE KEYS */;
INSERT INTO `telephone_magazin` VALUES (_binary '\ï¿½Gï¿½ï¿½Oä…Ú‚ï¿½xï¿½(','+2126856656',_binary 'Eï¿½\ï¿½\ï¿½OQï¿½eËï¿½ï¿½|\ï¿½'),(_binary '\ï¿½Gï¿½ï¿½Oä…Ú‚ï¿½xï¿½(','+2126756656',_binary 'ï¿½ÄŒï¿½!mAï¿½ï¿½:ï¿½ï¿½ï¿½*r'),(_binary 'N\ï¿½lbï¿½ï¿½Gzï¿½Ş‹\ï¿½I\ny\ï¿½','+2126856656',_binary 'ï¿½ï¿½Qï¿½uFï¿½ï¿½ëƒ\rï¿½\ï¿½ï¿½'),(_binary 'N\ï¿½lbï¿½ï¿½Gzï¿½Ş‹\ï¿½I\ny\ï¿½','+2126556656',_binary 'ï¿½ï¿½uez\ï¿½Kï¿½ï¿½ï¿½\ï¿½Ï¿\ï¿½\ï¿½'),(_binary 'N\ï¿½lbï¿½ï¿½Gzï¿½Ş‹\ï¿½I\ny\ï¿½','+2126756656',_binary '\ï¿½ï¿½\ï¿½bCK\ï¿½ï¿½x\ï¿½=\ï¿½\ï¿½ï¿½');
/*!40000 ALTER TABLE `telephone_magazin` ENABLE KEYS */;
UNLOCK TABLES;

--
-- Table structure for table `type_magazin`
--

DROP TABLE IF EXISTS `type_magazin`;
/*!40101 SET @saved_cs_client     = @@character_set_client */;
/*!50503 SET character_set_client = utf8mb4 */;
CREATE TABLE `type_magazin` (
  `ID_TYPE` binary(16) NOT NULL,
  `Nom_TYPE` varchar(30) NOT NULL,
  PRIMARY KEY (`ID_TYPE`)
) ENGINE=InnoDB DEFAULT CHARSET=utf8mb4 COLLATE=utf8mb4_0900_ai_ci;
/*!40101 SET character_set_client = @saved_cs_client */;

--
-- Dumping data for table `type_magazin`
--

LOCK TABLES `type_magazin` WRITE;
/*!40000 ALTER TABLE `type_magazin` DISABLE KEYS */;
INSERT INTO `type_magazin` VALUES (_binary 'in\ï¿½\ï¿½\ï¿½Lï¿½ï¿½ï¿½\ï¿½J\ï¿½$ï¿½','cafe'),(_binary 'qï¿½\ï¿½3\ï¿½COÖ§\ï¿½ï¿½\ï¿½)\ï¿½\ï¿½','salon de coiffure'),(_binary 'ï¿½|\ï¿½2%{I\nï¿½(\ï¿½\ï¿½ï¿½ï¿½\ï¿½','PHARMACIE'),(_binary 'ï¿½\ï¿½P\ï¿½)FÍ\ï¿½`ï¿½\00Eï¿½','cafe');
/*!40000 ALTER TABLE `type_magazin` ENABLE KEYS */;
UNLOCK TABLES;

--
-- Table structure for table `user`
--

DROP TABLE IF EXISTS `user`;
/*!40101 SET @saved_cs_client     = @@character_set_client */;
/*!50503 SET character_set_client = utf8mb4 */;
CREATE TABLE `user` (
  `Email_USER` varchar(100) NOT NULL,
  `Password_USER` varchar(100) NOT NULL,
  `Adresse_USER` varchar(100) NOT NULL,
  `Telephone_USER` varchar(50) NOT NULL,
  `Name_USER` varchar(100) NOT NULL,
  `ID_USER` binary(16) NOT NULL,
  `Ville_USER` varchar(30) NOT NULL,
  PRIMARY KEY (`ID_USER`)
) ENGINE=InnoDB DEFAULT CHARSET=utf8mb4 COLLATE=utf8mb4_0900_ai_ci;
/*!40101 SET character_set_client = @saved_cs_client */;

--
-- Dumping data for table `user`
--

LOCK TABLES `user` WRITE;
/*!40000 ALTER TABLE `user` DISABLE KEYS */;
INSERT INTO `user` VALUES ('abdo@gmail.com','$2a$10$1OkTxo16T6jacF3TmUJCEOZb.xhX.6NUQAJ0NRl6fDXo/XDurIXby','irfane','+212600000000','abdo',_binary '\ï¿½^ï¿½ï¿½OAï¿½?ï¿½\ï¿½ï¿½_b','rabat');
/*!40000 ALTER TABLE `user` ENABLE KEYS */;
UNLOCK TABLES;

--
-- Table structure for table `user_role`
--

DROP TABLE IF EXISTS `user_role`;
/*!40101 SET @saved_cs_client     = @@character_set_client */;
/*!50503 SET character_set_client = utf8mb4 */;
CREATE TABLE `user_role` (
  `ID_USER` binary(16) DEFAULT NULL,
  `ID_ROLE` binary(16) DEFAULT NULL,
  KEY `FK2aam9nt2tv8vcfymi3jo9c314` (`ID_ROLE`),
  KEY `FKfhxaael2m459kbk8lv8smr5iv` (`ID_USER`),
  CONSTRAINT `FK2aam9nt2tv8vcfymi3jo9c314` FOREIGN KEY (`ID_ROLE`) REFERENCES `role` (`ID_ROLE`),
  CONSTRAINT `FKfhxaael2m459kbk8lv8smr5iv` FOREIGN KEY (`ID_USER`) REFERENCES `user` (`ID_USER`),
  CONSTRAINT `user_role_ibfk_1` FOREIGN KEY (`ID_USER`) REFERENCES `user` (`ID_USER`),
  CONSTRAINT `user_role_ibfk_2` FOREIGN KEY (`ID_ROLE`) REFERENCES `role` (`ID_ROLE`)
) ENGINE=InnoDB DEFAULT CHARSET=utf8mb4 COLLATE=utf8mb4_0900_ai_ci;
/*!40101 SET character_set_client = @saved_cs_client */;

--
-- Dumping data for table `user_role`
--

LOCK TABLES `user_role` WRITE;
/*!40000 ALTER TABLE `user_role` DISABLE KEYS */;
INSERT INTO `user_role` VALUES (_binary '\ï¿½^ï¿½ï¿½OAï¿½?ï¿½\ï¿½ï¿½_b',_binary '%æ°›gsNï¿½ï¿½ï¿½ï¿½ï¿½I_ï¿½');
/*!40000 ALTER TABLE `user_role` ENABLE KEYS */;
UNLOCK TABLES;
/*!40103 SET TIME_ZONE=@OLD_TIME_ZONE */;

/*!40101 SET SQL_MODE=@OLD_SQL_MODE */;
/*!40014 SET FOREIGN_KEY_CHECKS=@OLD_FOREIGN_KEY_CHECKS */;
/*!40014 SET UNIQUE_CHECKS=@OLD_UNIQUE_CHECKS */;
/*!40101 SET CHARACTER_SET_CLIENT=@OLD_CHARACTER_SET_CLIENT */;
/*!40101 SET CHARACTER_SET_RESULTS=@OLD_CHARACTER_SET_RESULTS */;
/*!40101 SET COLLATION_CONNECTION=@OLD_COLLATION_CONNECTION */;
/*!40111 SET SQL_NOTES=@OLD_SQL_NOTES */;

-- Dump completed on 2020-06-22 14:22:18
